epoch,steps,train_loss,train_accuracy,elapsed_min
1,107,4.526332721531948,0.020453207769276043,0.7439965168635051
2,214,4.414152011693081,0.02663331371394938,1.3608160456021627
