epoch,steps,train_loss,train_accuracy,elapsed_min
1,106,4.528489220817134,0.022874852420306967,0.8018868486086528
2,212,4.413738664591087,0.02700708382526564,1.4651272296905518
