epoch,steps,train_loss,train_accuracy,elapsed_min
1,107,4.525786413210574,0.026191877575044143,0.8173071702321371
2,214,4.414928881921501,0.025897586815773983,1.5075294971466064
